path,file,lines,include,includelocal,memberfuncs,onelinefuncs
../../../ScaleBox/,README.md,1,0,0,0,0
../../../ScaleBox/.git/,description,1,0,0,0,0
../../../ScaleBox/.git/,HEAD,1,0,0,0,0
../../../ScaleBox/.git/,config,11,0,0,0,0
../../../ScaleBox/.git/,packed-refs,2,0,0,0,0
../../../ScaleBox/.git/,index,156,0,0,0,0
../../../ScaleBox/.git/info/,exclude,6,0,0,0,0
../../../ScaleBox/.git/hooks/,pre-rebase.sample,169,0,0,0,0
../../../ScaleBox/.git/hooks/,commit-msg.sample,24,0,0,0,0
../../../ScaleBox/.git/hooks/,pre-applypatch.sample,14,0,0,0,0
../../../ScaleBox/.git/hooks/,pre-receive.sample,24,0,0,0,0
../../../ScaleBox/.git/hooks/,pre-push.sample,53,0,0,0,0
../../../ScaleBox/.git/hooks/,push-to-checkout.sample,78,0,0,0,0
../../../ScaleBox/.git/hooks/,applypatch-msg.sample,15,0,0,0,0
../../../ScaleBox/.git/hooks/,post-update.sample,8,0,0,0,0
../../../ScaleBox/.git/hooks/,prepare-commit-msg.sample,42,0,0,0,0
../../../ScaleBox/.git/hooks/,fsmonitor-watchman.sample,173,0,0,1,0
../../../ScaleBox/.git/hooks/,update.sample,128,0,0,0,0
../../../ScaleBox/.git/hooks/,pre-merge-commit.sample,13,0,0,0,0
../../../ScaleBox/.git/hooks/,pre-commit.sample,49,0,0,0,0
../../../ScaleBox/.git/refs/heads/,master,1,0,0,0,0
../../../ScaleBox/.git/refs/remotes/origin/,HEAD,1,0,0,0,0
../../../ScaleBox/.git/objects/pack/,pack-81824ef4a4d7bf62dd67e843cb06cf6b49db4714.pack,10102,0,0,16,3
../../../ScaleBox/.git/objects/pack/,pack-81824ef4a4d7bf62dd67e843cb06cf6b49db4714.idx,111,0,0,0,0
../../../ScaleBox/.git/logs/,HEAD,1,0,0,0,0
../../../ScaleBox/.git/logs/refs/remotes/origin/,HEAD,1,0,0,0,0
../../../ScaleBox/.git/logs/refs/heads/,master,1,0,0,0,0
../../../ScaleBox/src/,Makefile,445,0,0,0,0
../../../ScaleBox/src/,MakefileNGW.txt,312,0,0,0,0
../../../ScaleBox/src/,ScaleBox,9723,0,0,1,0
../../../ScaleBox/src/,cron_run.sh,31,0,0,0,0
../../../ScaleBox/src/,fmnc-open.xml,23,0,0,0,0
../../../ScaleBox/src/RIPPS/,README,116,0,0,0,0
../../../ScaleBox/src/RIPPS/,RIPPS_Connection.cc,921,8,4,59,1
../../../ScaleBox/src/RIPPS/,RIPPS_Connection.h,403,6,3,0,0
../../../ScaleBox/src/RIPPS/,RIPPS_Connection.o,559,0,0,0,0
../../../ScaleBox/src/RIPPS/,RIPPS_Host.cc,965,7,6,65,4
../../../ScaleBox/src/RIPPS/,RIPPS_Host.h,521,7,4,0,0
../../../ScaleBox/src/RIPPS/,RIPPS_Host.o,334,0,0,0,0
../../../ScaleBox/src/RIPPS/,RIPPS_Monitor.cc,1483,8,7,47,5
../../../ScaleBox/src/RIPPS/,RIPPS_Monitor.h,599,8,6,0,0
../../../ScaleBox/src/RIPPS/,RIPPS_Monitor.o,298,0,0,0,0
../../../ScaleBox/src/RIPPS/,RIPPS_PktPair.cc,607,5,3,50,4
../../../ScaleBox/src/RIPPS/,RIPPS_PktPair.h,304,5,3,0,0
../../../ScaleBox/src/RIPPS/,RIPPS_PktPair.o,318,0,0,0,0
../../../ScaleBox/src/RIPPS/,RIPPS_Support.cc,61,5,4,0,0
../../../ScaleBox/src/RIPPS/,RIPPS_Support.h,55,2,2,0,0
../../../ScaleBox/src/RIPPS/,RIPPS_Support.o,20,0,0,0,0
../../../ScaleBox/src/TWiCE/,List-Tasks.txt,13,0,0,0,0
../../../ScaleBox/src/TWiCE/,TWiCE_CacheTable.cc,2082,4,3,73,33
../../../ScaleBox/src/TWiCE/,TWiCE_CacheTable.h,484,3,3,0,0
../../../ScaleBox/src/TWiCE/,TWiCE_ClientInfo.cc,33,1,1,0,0
../../../ScaleBox/src/TWiCE/,TWiCE_ClientInfo.h,53,2,1,0,0
../../../ScaleBox/src/TWiCE/,TWiCE_Gateway.cc,991,7,6,22,4
../../../ScaleBox/src/TWiCE/,TWiCE_Gateway.h,297,10,7,0,0
../../../ScaleBox/src/TWiCE/,TWiCE_PacketPool.cc,477,4,3,29,8
../../../ScaleBox/src/TWiCE/,TWiCE_PacketPool.h,243,5,2,0,0
../../../ScaleBox/src/TWiCE/,TWiCE_Support.cc,23,2,2,0,0
../../../ScaleBox/src/TWiCE/,TWiCE_Support.h,34,2,1,0,0
../../../ScaleBox/src/boneyard/,InputModule.h,188,2,0,0,0
../../../ScaleBox/src/boneyard/RIPPS/,InputRIPPSExternal.cc,0,0,0,0,0
../../../ScaleBox/src/boneyard/RIPPS/,InputRIPPSExternal.h,55,1,1,0,0
../../../ScaleBox/src/boneyard/RIPPS/,InputRIPPSInternal.cc,0,0,0,0,0
../../../ScaleBox/src/boneyard/RIPPS/,InputRIPPSInternal.h,50,1,1,0,0
../../../ScaleBox/src/boneyard/RIPPS/CVS/,Entries,4,0,0,0,0
../../../ScaleBox/src/boneyard/RIPPS/CVS/,Repository,1,0,0,0,0
../../../ScaleBox/src/boneyard/RIPPS/CVS/,Root,1,0,0,0,0
../../../ScaleBox/src/core/,Console.cc,274,10,7,0,0
../../../ScaleBox/src/core/,Console.h,69,1,0,0,0
../../../ScaleBox/src/core/,Console.o,196,0,0,0,0
../../../ScaleBox/src/core/,LogEvent.cc,78,2,1,0,0
../../../ScaleBox/src/core/,LogEvent.h,102,1,0,0,0
../../../ScaleBox/src/core/,LogEvent.o,69,0,0,0,0
../../../ScaleBox/src/core/,Main.cc,416,0,0,0,0
../../../ScaleBox/src/core/,Main.o,211,0,0,0,0
../../../ScaleBox/src/core/,StdHeaders.h,17,4,0,0,0
../../../ScaleBox/src/core/,Timestamp.cc,225,2,1,17,5
../../../ScaleBox/src/core/,Timestamp.h,135,3,0,0,0
../../../ScaleBox/src/core/,Timestamp.o,28,0,0,0,0
../../../ScaleBox/src/fmnc/,PunchOut.txt,10,0,0,0,0
../../../ScaleBox/src/fmnc/,README,40,0,0,0,0
../../../ScaleBox/src/fmnc/,fmnc_client.cc,10,0,0,0,0
../../../ScaleBox/src/fmnc/,fmnc_client.h,32,0,0,0,0
../../../ScaleBox/src/fmnc/,fmnc_client.o,1,0,0,0,0
../../../ScaleBox/src/fmnc/,fmnc_connection.cc,685,3,2,66,47
../../../ScaleBox/src/fmnc/,fmnc_connection.h,238,6,3,0,0
../../../ScaleBox/src/fmnc/,fmnc_connection.o,407,0,0,1,0
../../../ScaleBox/src/fmnc/,fmnc_connection_tcp_slice.cc,609,4,3,43,24
../../../ScaleBox/src/fmnc/,fmnc_connection_tcp_slice.h,163,5,4,0,0
../../../ScaleBox/src/fmnc/,fmnc_connection_tcp_slice.o,317,0,0,0,0
../../../ScaleBox/src/fmnc/,fmnc_manager.cc,2310,18,11,77,34
../../../ScaleBox/src/fmnc/,fmnc_manager.h,564,13,6,0,0
../../../ScaleBox/src/fmnc/,fmnc_manager.o,701,0,0,0,0
../../../ScaleBox/src/fmnc/,fmnc_measurement_packet.cc,847,4,2,75,31
../../../ScaleBox/src/fmnc/,fmnc_measurement_packet.h,239,4,1,0,0
../../../ScaleBox/src/fmnc/,fmnc_measurement_packet.o,441,0,0,0,0
../../../ScaleBox/src/fmnc/,fmnc_measurement_pair.cc,148,2,2,16,8
../../../ScaleBox/src/fmnc/,fmnc_measurement_pair.h,96,2,0,0,0
../../../ScaleBox/src/fmnc/,fmnc_measurement_pair.o,192,0,0,0,0
../../../ScaleBox/src/fmnc/,fmnc_session.cc,10,0,0,0,0
../../../ScaleBox/src/fmnc/,fmnc_session.h,14,0,0,0,0
../../../ScaleBox/src/fmnc/,fmnc_support.cc,26,2,2,0,0
../../../ScaleBox/src/fmnc/,fmnc_support.h,35,2,1,0,0
../../../ScaleBox/src/fmnc/,fmnc_support.o,19,0,0,0,0
../../../ScaleBox/src/fmnc/,fmnc_test_analysis.cc,567,7,5,29,13
../../../ScaleBox/src/fmnc/,fmnc_test_analysis.h,165,4,3,0,0
../../../ScaleBox/src/fmnc/,fmnc_test_analysis.o,364,0,0,0,0
../../../ScaleBox/src/fmnc/,fmnc_test_sequence.cc,2662,9,5,84,44
../../../ScaleBox/src/fmnc/,fmnc_test_sequence.h,388,4,2,0,0
../../../ScaleBox/src/fmnc/,fmnc_test_sequence.o,888,0,0,0,0
../../../ScaleBox/src/fmnc/,fmnc_thread.cc,10,0,0,0,0
../../../ScaleBox/src/fmnc/,fmnc_thread.h,14,0,0,0,0
../../../ScaleBox/src/fmnc/,index-test.html,129,0,0,0,0
../../../ScaleBox/src/fmnc/,index.html,128,0,0,0,0
../../../ScaleBox/src/fmnc/support/client/,basic-mac.pl,10,0,0,0,0
../../../ScaleBox/src/fmnc/support/client/,basic-test.pl,17,0,0,1,0
../../../ScaleBox/src/fmnc/support/test/,catch.hpp,8974,96,0,36,1
../../../ScaleBox/src/fmnc/support/test/,fmnc_unit_test.cc,26,2,2,0,0
../../../ScaleBox/src/fmnc/support/web/,index-end.html,42,0,0,0,0
../../../ScaleBox/src/fmnc/support/web/,index-front.html,58,0,0,0,0
../../../ScaleBox/src/fmnc/support/web/,index-inband-1.html,101,0,0,0,0
../../../ScaleBox/src/fmnc/support/web/,index-start.html,56,0,0,0,0
../../../ScaleBox/src/fmnc/support/web/,result-iframe.html,199,0,0,0,0
../../../ScaleBox/src/fmnc/support/web/,webDemo-End.html,41,0,0,0,0
../../../ScaleBox/src/fmnc/support/web/,webDemo-Start.html,228,0,0,0,0
../../../ScaleBox/src/mem/,MemPoolCustom.cc,52,2,2,0,0
../../../ScaleBox/src/mem/,MemPoolCustom.h,50,2,1,0,0
../../../ScaleBox/src/mem/,MemPoolCustom.o,17,0,0,0,0
../../../ScaleBox/src/mem/,MemPoolObject.cc,189,13,13,13,3
../../../ScaleBox/src/mem/,MemPoolObject.h,161,1,0,0,0
../../../ScaleBox/src/mem/,MemPoolObject.o,58,0,0,0,0
../../../ScaleBox/src/mem/,MemoryPool.cc,244,2,1,8,1
../../../ScaleBox/src/mem/,MemoryPool.h,121,7,3,0,0
../../../ScaleBox/src/mem/,MemoryPool.o,224,0,0,0,0
../../../ScaleBox/src/mon/,Monitor.cc,224,8,7,14,2
../../../ScaleBox/src/mon/,Monitor.h,130,3,1,0,0
../../../ScaleBox/src/mon/,Monitor.o,323,0,0,0,0
../../../ScaleBox/src/mon/,Thread_Archive.cc,209,5,5,16,0
../../../ScaleBox/src/mon/,Thread_Archive.h,102,4,0,0,0
../../../ScaleBox/src/mon/,Thread_Timer.cc,588,8,6,36,2
../../../ScaleBox/src/mon/,Thread_Timer.h,379,6,2,0,0
../../../ScaleBox/src/mon/,Thread_Timer.o,432,0,0,0,0
../../../ScaleBox/src/packetcache/,Defs.h,52,0,0,0,0
../../../ScaleBox/src/packetcache/,PacketCacheEntry.cc,17,2,1,2,0
../../../ScaleBox/src/packetcache/,PacketCacheEntry.h,74,2,2,0,0
../../../ScaleBox/src/packetcache/,PacketCacheModule.cc,137,8,5,7,0
../../../ScaleBox/src/packetcache/,PacketCacheModule.h,112,3,2,0,0
../../../ScaleBox/src/packetcache/,PacketCacheSupport.cc,15,2,2,0,0
../../../ScaleBox/src/packetcache/,PacketCacheSupport.h,27,2,1,0,0
../../../ScaleBox/src/packetcache/,PacketCacheTable.cc,610,7,5,7,0
../../../ScaleBox/src/packetcache/,PacketCacheTable.h,105,4,3,0,0
../../../ScaleBox/src/pkt/,Adapter.cc,724,12,11,42,1
../../../ScaleBox/src/pkt/,Adapter.h,484,7,2,0,0
../../../ScaleBox/src/pkt/,Adapter.o,490,0,0,0,0
../../../ScaleBox/src/pkt/,AdapterFile.cc,812,9,8,32,4
../../../ScaleBox/src/pkt/,AdapterFile.h,349,6,3,0,0
../../../ScaleBox/src/pkt/,AdapterFile.o,547,0,0,1,0
../../../ScaleBox/src/pkt/,AdapterPCap.cc,211,7,6,14,0
../../../ScaleBox/src/pkt/,AdapterPCap.h,165,5,3,0,0
../../../ScaleBox/src/pkt/,AdapterPCap.o,82,0,0,0,0
../../../ScaleBox/src/pkt/,Filter.cc,78,6,5,5,1
../../../ScaleBox/src/pkt/,Filter.h,60,2,1,0,0
../../../ScaleBox/src/pkt/,Filter.o,123,0,0,0,0
../../../ScaleBox/src/pkt/,FilterLayer.cc,349,9,5,24,9
../../../ScaleBox/src/pkt/,FilterLayer.h,143,2,2,0,0
../../../ScaleBox/src/pkt/,FilterLayer.o,144,0,0,0,0
../../../ScaleBox/src/pkt/,FilterRule.cc,141,5,4,10,1
../../../ScaleBox/src/pkt/,FilterRule.h,105,1,0,0,0
../../../ScaleBox/src/pkt/,FilterRule.o,125,0,0,0,0
../../../ScaleBox/src/pkt/,IOModule.cc,405,20,19,25,1
../../../ScaleBox/src/pkt/,IOModule.h,343,4,1,0,0
../../../ScaleBox/src/pkt/,IOModule.o,109,0,0,0,0
../../../ScaleBox/src/pkt/,InputLog.cc,102,7,6,12,0
../../../ScaleBox/src/pkt/,InputLog.h,121,2,1,0,0
../../../ScaleBox/src/pkt/,InputLog.o,45,0,0,0,0
../../../ScaleBox/src/pkt/,InputModule.cc,48,13,12,0,0
../../../ScaleBox/src/pkt/,InputModule.h,41,1,0,0,0
../../../ScaleBox/src/pkt/,InputModule.o,20,0,0,0,0
../../../ScaleBox/src/pkt/,InputPassthrough.cc,132,6,5,10,2
../../../ScaleBox/src/pkt/,InputPassthrough.h,111,4,3,0,0
../../../ScaleBox/src/pkt/,InputPassthrough.o,66,0,0,0,0
../../../ScaleBox/src/pkt/,InputPurge.cc,162,6,5,9,1
../../../ScaleBox/src/pkt/,InputPurge.h,141,5,4,0,0
../../../ScaleBox/src/pkt/,InputPurge.o,248,0,0,0,0
../../../ScaleBox/src/pkt/,InputSignature.cc,63,4,4,8,1
../../../ScaleBox/src/pkt/,InputSignature.h,99,2,1,0,0
../../../ScaleBox/src/pkt/,InputSignature.o,123,0,0,0,0
../../../ScaleBox/src/pkt/,MultiIFModule.cc,248,6,5,20,1
../../../ScaleBox/src/pkt/,MultiIFModule.h,222,2,1,0,0
../../../ScaleBox/src/pkt/,MultiIFModule.o,238,0,0,0,0
../../../ScaleBox/src/pkt/,NetAddress.cc,208,3,2,17,1
../../../ScaleBox/src/pkt/,NetAddress.h,206,1,0,0,0
../../../ScaleBox/src/pkt/,OutputLog.h,12,1,1,0,0
../../../ScaleBox/src/pkt/,OutputModule.cc,27,5,5,0,0
../../../ScaleBox/src/pkt/,OutputModule.h,16,0,0,0,0
../../../ScaleBox/src/pkt/,OutputModule.o,18,0,0,0,0
../../../ScaleBox/src/pkt/,OutputWrite.cc,116,6,6,11,0
../../../ScaleBox/src/pkt/,OutputWrite.h,109,2,2,0,0
../../../ScaleBox/src/pkt/,OutputWrite.o,43,0,0,0,0
../../../ScaleBox/src/pkt/,Packet.cc,239,4,3,26,2
../../../ScaleBox/src/pkt/,Packet.h,217,4,2,0,0
../../../ScaleBox/src/pkt/,Packet.o,174,0,0,0,0
../../../ScaleBox/src/pkt/,PacketGroup.h,15,1,1,0,0
../../../ScaleBox/src/pkt/,PacketSignature.cc,31,2,1,4,0
../../../ScaleBox/src/pkt/,PacketSignature.h,59,3,3,0,0
../../../ScaleBox/src/pkt/,PacketSignature.o,19,0,0,0,0
../../../ScaleBox/src/pkt/,PktQueue.cc,42,1,1,4,0
../../../ScaleBox/src/pkt/,PktQueue.h,142,0,0,0,0
../../../ScaleBox/src/pkt/,PktQueue.o,17,0,0,0,0
../../../ScaleBox/src/pkt/,PktQueueFIFO.cc,296,4,3,18,0
../../../ScaleBox/src/pkt/,PktQueueFIFO.h,174,4,2,0,0
../../../ScaleBox/src/pkt/,PktQueueFIFO.o,188,0,0,0,0
../../../ScaleBox/src/pkt/,PktScheduler.cc,101,0,0,4,0
../../../ScaleBox/src/pkt/,PktScheduler.h,86,0,0,0,0
../../../ScaleBox/src/pkt/,PktScheduler.o,14,0,0,0,0
../../../ScaleBox/src/pkt/,PktSigMD5.cc,457,3,3,13,0
../../../ScaleBox/src/pkt/,PktSigMD5.h,167,4,1,0,0
../../../ScaleBox/src/pkt/,PktSigMD5.o,87,0,0,0,0
../../../ScaleBox/src/pkt/,PktSigXOR.cc,73,4,3,4,0
../../../ScaleBox/src/pkt/,PktSigXOR.h,52,1,1,0,0
../../../ScaleBox/src/pkt/,PktSigXOR.o,26,0,0,0,0
../../../ScaleBox/src/pkt/,PktSupport.cc,44,13,13,0,0
../../../ScaleBox/src/pkt/,PktSupport.h,15,0,0,0,0
../../../ScaleBox/src/pkt/,PktSupport.o,24,0,0,0,0
../../../ScaleBox/src/pkt/,Thread_IO.cc,149,7,5,0,0
../../../ScaleBox/src/pkt/,Thread_IO.h,39,0,0,0,0
../../../ScaleBox/src/pkt/,Thread_IO.o,20,0,0,0,0
../../../ScaleBox/src/pkt/address/,NetAddress.cc,291,4,3,30,2
../../../ScaleBox/src/pkt/address/,NetAddress.h,281,4,2,0,0
../../../ScaleBox/src/pkt/address/,NetAddress.o,99,0,0,0,0
../../../ScaleBox/src/pkt/address/,NetAddressEthernet.cc,156,6,4,8,0
../../../ScaleBox/src/pkt/address/,NetAddressEthernet.h,99,1,1,0,0
../../../ScaleBox/src/pkt/address/,NetAddressEthernet.o,100,0,0,0,0
../../../ScaleBox/src/pkt/address/,NetAddressIPv4.cc,196,6,4,10,0
../../../ScaleBox/src/pkt/address/,NetAddressIPv4.h,115,1,1,0,0
../../../ScaleBox/src/pkt/address/,NetAddressIPv4.o,123,0,0,0,0
../../../ScaleBox/src/pkt/address/,NetAddressIPv4Subnet.cc,161,6,4,9,0
../../../ScaleBox/src/pkt/address/,NetAddressIPv4Subnet.h,102,2,2,0,0
../../../ScaleBox/src/pkt/address/,NetAddressIPv4Subnet.o,114,0,0,0,0
../../../ScaleBox/src/pktcache/,ChildCacheModule.cc,199,6,6,11,1
../../../ScaleBox/src/pktcache/,ChildCacheModule.h,123,4,3,0,0
../../../ScaleBox/src/pktcache/,ChildCacheModule.o,66,0,0,0,0
../../../ScaleBox/src/pktcache/,PCPacketFmt.cc,19,2,2,0,0
../../../ScaleBox/src/pktcache/,PCPacketFmt.h,193,0,0,0,0
../../../ScaleBox/src/pktcache/,PCPacketFmt.o,4,0,0,0,0
../../../ScaleBox/src/pktcache/,ParentCacheModule.h,103,2,2,0,0
../../../ScaleBox/src/pktcache/,PktCacheSupport.cc,22,3,3,0,0
../../../ScaleBox/src/pktcache/,PktCacheSupport.h,27,1,0,0,0
../../../ScaleBox/src/pktcache/,PktCacheSupport.o,10,0,0,0,0
../../../ScaleBox/src/pktcache/,PktCacheTable.cc,125,2,1,21,0
../../../ScaleBox/src/pktcache/,PktCacheTable.h,218,3,2,0,0
../../../ScaleBox/src/pktcache/,PktCacheTable.o,73,0,0,0,0
../../../ScaleBox/src/pktcache/,Prefetch.h,17,0,0,0,0
../../../ScaleBox/src/pktcache/,SourceCacheModule.cc,299,8,8,14,2
../../../ScaleBox/src/pktcache/,SourceCacheModule.h,229,3,3,0,0
../../../ScaleBox/src/pktcache/,SourceCacheModule.o,68,0,0,0,0
../../../ScaleBox/src/psm/,TaskList.txt,43,0,0,0,0
../../../ScaleBox/src/psm/,psm_flow.h,177,4,1,0,0
../../../ScaleBox/src/psm/,psm_gateway.cc,155,7,6,12,3
../../../ScaleBox/src/psm/,psm_gateway.h,226,9,6,0,0
../../../ScaleBox/src/psm/,psm_mobile_client.h,75,6,3,0,0
../../../ScaleBox/src/sandbox/,IOSandbox.cc,120,6,5,7,0
../../../ScaleBox/src/sandbox/,IOSandbox.h,90,2,1,0,0
../../../ScaleBox/src/sandbox/,IOSandbox.o,33,0,0,0,0
../../../ScaleBox/src/sandbox/,SandboxSupport.cc,44,3,2,0,0
../../../ScaleBox/src/sandbox/,SandboxSupport.h,41,0,0,0,0
../../../ScaleBox/src/sandbox/,SandboxSupport.o,20,0,0,0,0
../../../ScaleBox/src/sneayknat/,SneakyNAT.cc,3,0,0,0,0
../../../ScaleBox/src/sneayknat/,SneakyNAT.h,78,0,0,0,0
../../../ScaleBox/src/sneayknat/,SneakyNAT_Support.cc,46,3,2,0,0
../../../ScaleBox/src/sneayknat/,SneakyNAT_Support.h,41,0,0,0,0
../../../ScaleBox/src/stat/,StatICount.h,17,1,1,0,0
../../../ScaleBox/src/stat/,StatItem.h,28,1,0,0,0
../../../ScaleBox/src/stat/,StatManager.cc,189,5,4,12,0
../../../ScaleBox/src/stat/,StatManager.h,153,4,2,0,0
../../../ScaleBox/src/stat/,StatManager.o,191,0,0,0,0
../../../ScaleBox/src/stat/,Stats.cc,305,7,4,21,1
../../../ScaleBox/src/stat/,Stats.h,164,4,0,0,0
../../../ScaleBox/src/stat/,Stats.o,140,0,0,0,0
../../../ScaleBox/src/stat/,ThreadClientStat.cc,104,9,6,0,0
../../../ScaleBox/src/stat/,ThreadClientStat.h,39,0,0,0,0
../../../ScaleBox/src/stat/,ThreadClientStat.o,21,0,0,0,0
../../../ScaleBox/src/stmc/,InputEgressVGDM.cc,49,4,3,6,0
../../../ScaleBox/src/stmc/,InputEgressVGDM.h,57,1,1,0,0
../../../ScaleBox/src/stmc/,InputEgressVGDM.o,33,0,0,0,0
../../../ScaleBox/src/stmc/,InputIngressVGDM.cc,44,3,2,7,1
../../../ScaleBox/src/stmc/,InputIngressVGDM.h,89,1,1,0,0
../../../ScaleBox/src/stmc/,InputIngressVGDM.o,21,0,0,0,0
../../../ScaleBox/src/stmc/,InputStealthClient.h,17,1,1,0,0
../../../ScaleBox/src/stmc/,TransportAMT.h,4,0,0,0,0
../../../ScaleBox/src/stmc/,TransportPALM.h,4,0,0,0,0
../../../ScaleBox/src/stmc/,TransportPIM.h,4,0,0,0,0
../../../ScaleBox/src/stmc/,TransportSGM.h,4,0,0,0,0
../../../ScaleBox/src/stmc/,TransportStealth.h,43,0,0,0,0
../../../ScaleBox/src/stmc/,VGDM.cc,89,4,3,9,0
../../../ScaleBox/src/stmc/,VGDM.h,114,0,0,0,0
../../../ScaleBox/src/stmc/,VGDM.o,20,0,0,0,0
../../../ScaleBox/src/stmc/,VirtualGroup.h,18,0,0,0,0
../../../ScaleBox/src/stmc/CVS/,Entries,13,0,0,0,0
../../../ScaleBox/src/stmc/CVS/,Repository,1,0,0,0,0
../../../ScaleBox/src/stmc/CVS/,Root,1,0,0,0,0
../../../ScaleBox/src/test/,TestSupport.cc,45,3,2,0,0
../../../ScaleBox/src/test/,TestSupport.h,44,0,0,0,0
../../../ScaleBox/src/test/,TestSupport.o,20,0,0,0,0
../../../ScaleBox/src/test/,TestTimer.cc,172,7,6,9,1
../../../ScaleBox/src/test/,TestTimer.h,82,2,1,0,0
../../../ScaleBox/src/test/,TestTimer.o,41,0,0,0,0
../../../ScaleBox/src/util/,802_11.cc,221,6,2,0,0
../../../ScaleBox/src/util/,802_11.h,55,0,0,0,0
../../../ScaleBox/src/util/,802_11.o,35,0,0,0,0
../../../ScaleBox/src/util/,ParamDictionary.cc,379,3,1,26,10
../../../ScaleBox/src/util/,ParamDictionary.h,178,2,0,0,0
../../../ScaleBox/src/util/,ParamDictionary.o,219,0,0,0,0
../../../ScaleBox/src/util/,PracticalSocket.cc,384,2,1,36,3
../../../ScaleBox/src/util/,PracticalSocket.h,345,3,1,0,0
../../../ScaleBox/src/util/,PracticalSocket.o,232,0,0,0,0
../../../ScaleBox/src/util/,SpookyV2.cc,351,2,1,5,0
../../../ScaleBox/src/util/,SpookyV2.h,299,1,0,0,0
../../../ScaleBox/src/util/,SpookyV2.o,23,0,0,0,0
../../../ScaleBox/src/util/,ip-utils.cc,1239,5,1,0,0
../../../ScaleBox/src/util/,ip-utils.h,429,6,2,0,0
../../../ScaleBox/src/util/,ip-utils.o,344,0,0,0,0
../../../ScaleBox/src/util/,mgmt.cc,80,7,2,0,0
../../../ScaleBox/src/util/,mgmt.h,36,0,0,0,0
../../../ScaleBox/src/util/,mgmt.o,13,0,0,0,0
../../../ScaleBox/src/util/,net-const.h,11,0,0,0,0
../../../ScaleBox/src/util/,tokenize.cc,24,1,1,0,0
../../../ScaleBox/src/util/,tokenize.h,19,2,0,0,0
../../../ScaleBox/src/util/,tokenize.o,118,0,0,1,0
../../../ScaleBox/src/vhost/,DataBlock.cc,3,1,1,0,0
../../../ScaleBox/src/vhost/,DataBlock.h,135,1,0,0,0
../../../ScaleBox/src/vhost/,DataFlow.cc,0,0,0,0,0
../../../ScaleBox/src/vhost/,DataFlow.h,0,0,0,0,0
../../../ScaleBox/src/vhost/,VHostSupport.cc,0,0,0,0,0
../../../ScaleBox/src/vhost/,VHostSupport.h,0,0,0,0,0
../../../ScaleBox/src/vhost/,VNStackMod8023.cc,0,0,0,0,0
../../../ScaleBox/src/vhost/,VNStackMod8023.h,0,0,0,0,0
../../../ScaleBox/src/vhost/,VNStackModARP.cc,0,0,0,0,0
../../../ScaleBox/src/vhost/,VNStackModARP.h,0,0,0,0,0
../../../ScaleBox/src/vhost/,VNStackModIP.cc,0,0,0,0,0
../../../ScaleBox/src/vhost/,VNStackModIP.h,0,0,0,0,0
../../../ScaleBox/src/vhost/,VNStackModIPv4.cc,0,0,0,0,0
../../../ScaleBox/src/vhost/,VNStackModIPv4.h,0,0,0,0,0
../../../ScaleBox/src/vhost/,VNStackModIPv6.cc,0,0,0,0,0
../../../ScaleBox/src/vhost/,VNStackModIPv6.h,0,0,0,0,0
../../../ScaleBox/src/vhost/,VNStackModTCP.cc,0,0,0,0,0
../../../ScaleBox/src/vhost/,VNStackModTCP.h,0,0,0,0,0
../../../ScaleBox/src/vhost/,VNStackModUDP.cc,0,0,0,0,0
../../../ScaleBox/src/vhost/,VNStackModUDP.h,0,0,0,0,0
../../../ScaleBox/src/vhost/,VNetStack.cc,66,1,1,6,0
../../../ScaleBox/src/vhost/,VNetStack.h,80,4,3,0,0
../../../ScaleBox/src/vhost/,VNetStackModule.cc,0,0,0,0,0
../../../ScaleBox/src/vhost/,VNetStackModule.h,40,0,0,0,0
../../../ScaleBox/src/vhost/,VSocketDatagram.cc,0,0,0,0,0
../../../ScaleBox/src/vhost/,VSocketDatagram.h,21,1,1,0,0
../../../ScaleBox/src/vhost/,VSocketStream.cc,0,0,0,0,0
../../../ScaleBox/src/vhost/,VSocketStream.h,0,0,0,0,0
../../../ScaleBox/src/vhost/,VirtSocket.cc,0,0,0,0,0
../../../ScaleBox/src/vhost/,VirtSocket.h,17,0,0,0,0
../../../ScaleBox/src/vhost/,VirtualHost.cc,34,0,0,5,0
../../../ScaleBox/src/vhost/,VirtualHost.h,50,2,1,0,0
../../../ScaleBox/src/vhost/app/,AppBase.cc,0,0,0,0,0
../../../ScaleBox/src/vhost/app/,AppBase.h,40,0,0,0,0
../../../ScaleBox/src/vhost/app/,AppCBR.cc,0,0,0,0,0
../../../ScaleBox/src/vhost/app/,AppCBR.h,24,0,0,0,0
../../../ScaleBox/src/viz/,d3js.cc,282,3,1,24,13
../../../ScaleBox/src/viz/,d3js.h,124,4,2,0,0
../../../ScaleBox/src/viz/,d3js.o,329,0,0,0,0
../../../ScaleBox/src/viz/,json.cc,74,2,1,0,0
../../../ScaleBox/src/viz/,json.h,32,3,1,0,0
../../../ScaleBox/src/viz/,json.o,39,0,0,0,0
../../../ScaleBox/src/viz/,vizDataPoint.cc,64,3,2,8,5
../../../ScaleBox/src/viz/,vizDataPoint.h,58,1,0,0,0
../../../ScaleBox/src/viz/,vizDataPoint.o,47,0,0,0,0
../../../ScaleBox/src/viz/,vizDataSet.cc,115,4,2,9,3
../../../ScaleBox/src/viz/,vizDataSet.h,47,2,1,0,0
../../../ScaleBox/src/viz/,vizDataSet.o,148,0,0,0,0
../../../ScaleBox/src/viz/example/,index-base.html,127,0,0,0,0
../../../ScaleBox/src/viz/example/,index-end.html,60,0,0,0,0
../../../ScaleBox/src/viz/example/,index-start.html,50,0,0,0,0
../../../ScaleBox/src/viz/test/,ScaleBoxViz.cc,93,5,3,0,0
../../../ScaleBox/src/vnet/,AdapterVirtual.cc,61,8,7,7,0
../../../ScaleBox/src/vnet/,AdapterVirtual.h,81,3,3,0,0
../../../ScaleBox/src/vnet/,AdapterVirtual.o,23,0,0,0,0
../../../ScaleBox/src/vnet/,DelayLink.cc,110,6,5,7,0
../../../ScaleBox/src/vnet/,DelayLink.h,159,2,1,0,0
../../../ScaleBox/src/vnet/,DelayLink.o,23,0,0,0,0
../../../ScaleBox/src/vnet/,FileReplayIO.cc,42,4,3,5,0
../../../ScaleBox/src/vnet/,FileReplayIO.h,67,3,1,0,0
../../../ScaleBox/src/vnet/,RateLimiter.cc,110,6,5,7,0
../../../ScaleBox/src/vnet/,RateLimiter.h,95,2,1,0,0
../../../ScaleBox/src/vnet/,RateLimiter.o,24,0,0,0,0
../../../ScaleBox/src/vnet/,VNetSupport.cc,48,4,3,0,0
../../../ScaleBox/src/vnet/,VNetSupport.h,42,0,0,0,0
../../../ScaleBox/src/vnet/,VNetSupport.o,18,0,0,0,0
../../../ScaleBox/src/vnet/,VirtualIngress.cc,56,1,1,5,0
../../../ScaleBox/src/vnet/,VirtualIngress.h,72,1,1,0,0
../../../ScaleBox/src/vnet/,VirtualIngress.o,12,0,0,0,0
../../../ScaleBox/src/vnet/,VirtualNode.h,32,1,1,0,0
../../../ScaleBox/src/whirlwind/,whirlwind_gateway.cc,1186,12,10,27,2
../../../ScaleBox/src/whirlwind/,whirlwind_gateway.h,363,12,7,0,0
../../../ScaleBox/src/whirlwind/,whirlwind_gw_ue_cachetable.cc,13,1,1,0,0
../../../ScaleBox/src/whirlwind/,whirlwind_gw_ue_cachetable.h,89,1,1,0,0
../../../ScaleBox/src/whirlwind/,whirlwind_mastercache.cc,708,7,4,57,4
../../../ScaleBox/src/whirlwind/,whirlwind_mastercache.h,360,7,3,2,0
../../../ScaleBox/src/whirlwind/,whirlwind_mgd_buffer.h,112,1,0,0,0
../../../ScaleBox/src/whirlwind/,whirlwind_model_ue.h,103,0,0,0,0
../../../ScaleBox/src/whirlwind/,whirlwind_packetstore.cc,271,3,2,31,8
../../../ScaleBox/src/whirlwind/,whirlwind_packetstore.h,147,5,2,0,0
../../../ScaleBox/src/whirlwind/,whirlwind_rendezvous.cc,11,1,1,0,0
../../../ScaleBox/src/whirlwind/,whirlwind_rendezvous.h,24,0,0,0,0
../../../ScaleBox/src/whirlwind/,whirlwind_signature.cc,2,1,1,0,0
../../../ScaleBox/src/whirlwind/,whirlwind_signature.h,28,0,0,0,0
../../../ScaleBox/src/whirlwind/,whirlwind_support.cc,28,2,2,0,0
../../../ScaleBox/src/whirlwind/,whirlwind_support.h,34,2,1,0,0
../../../ScaleBox/src/xml/,FileXML.cc,556,6,4,12,0
../../../ScaleBox/src/xml/,FileXML.h,129,1,0,0,0
../../../ScaleBox/src/xml/,FileXML.o,180,0,0,0,0
../../../ScaleBox/src/xml/,NodeDOM.cc,363,4,3,28,4
../../../ScaleBox/src/xml/,NodeDOM.h,221,4,2,0,0
../../../ScaleBox/src/xml/,NodeDOM.o,375,0,0,0,0
../../../ScaleBox/src/xml/,NodeElem.cc,104,3,2,10,0
../../../ScaleBox/src/xml/,NodeElem.h,84,2,1,0,0
../../../ScaleBox/src/xml/,NodeElem.o,42,0,0,0,0
